Season,Days,Month,file_name,media_id
winter,5,"November, December, January, February, March, April",04 nights _ 05 days Sri Lanka Winter Tour.pdf,788932396652897
winter,6,"November, December, January, February, March, April",05 nights _ 06 days Sri Lanka Winter Tour.pdf,450575884643497
winter,7,"November, December, January, February, March, April",06 nights _ 07 days Sri Lanka Winter Tour.pdf,897184402444042
winter,8,"November, December, January, February, March, April",07 nights _ 08 days Sri Lanka Winter Tour.pdf,1907744406454845
winter,9,"November, December, January, February, March, April",08 nights _ 09 Days Winter Sri Lanka Tour.pdf,8207803799287825
winter,10,"November, December, January, February, March, April",09 nights _ 10 Days Sri Lanka Winter Tour.pdf,857227689685600
winter,11,"November, December, January, February, March, April",10 nights _ 11 Days Sri Lanka Winter Tour.pdf,853336583400914
winter,12,"November, December, January, February, March, April",11 nights _ 12 Days Sri Lanka Winter Tour.pdf,546926724337872
winter,13,"November, December, January, February, March, April",12 nights _ 13 days Sri Lanka Winter Tour.pdf,835949515359234
winter,14,"November, December, January, February, March, April",13  nights _ 14 Days Sri Lanka Winter Tour.pdf,1879145535845307
summer,5,"September, October",04 nights _ 05 days Sri Lanka Tour.pdf,1034603538264136
summer,6,"September, October",05 nights _ 06 days Sri Lanka Tour.pdf,1061335958687457
summer,7,"September, October",06 nights _ 07 days Sri Lanka Tour.pdf,1063848092015367
summer,8,"September, October",07 nights _ 08 Days Sri Lanka Tour.pdf,466461989626857
summer,9,"September, October",08 nights _ 09 Days Sri Lanka Summer Tour.pdf,808632941086523
summer,10,"September, October",09 nights _ 10 Days Sri Lanka Summer Tour.pdf,427302289680495
summer,11,"September, October",10 nights _ 11 Days Sri Lanka Summer Tour.pdf,432904345728793
summer,12,"September, October",11 nights _ 12 Days Sri Lanka Summer Tour.pdf,485040247768775
summer,13,"September, October",12 nights _ 13 Days Sri Lanka Summer Tour.pdf,520535337028377
summer,14,"September, October",13  nights _ 14 Days Sri Lanka Summer Tour.pdf,1237959477554785